customer_id,customer_name,age,gender,country_name,join_date,purchase_amount
1,Anna Smith,59.0,female,india,2019-11-26,288.0
2,Ahmed Khan,34.0,female,usa,2021-06-05,214.0
3,Fatima Noor,22.0,male,pakistan,2021-01-30,136.0
4,Anna Smith,46.0,male,china,2021-12-11,190.0
5,Li Wei,21.0,male,usa,2021-05-24,209.0
6,Fatima Noor,27.0,female,china,2019-02-11,95.0
7,Fatima Noor,34.0,male,china,2019-02-03,421.0
8,Anna Smith,27.0,male,pakistan,2019-12-16,161.0
9,Maria Garcia,34.0,male,pakistan,2019-12-05,456.0
10,Li Wei,37.0,female,pakistan,2020-01-31,94.0
11,Anna Smith,41.0,female,usa,2019-05-14,450.0
12,Li Wei,22.0,female,china,2020-08-31,296.0
13,Li Wei,51.0,male,pakistan,2018-03-23,153.0
14,Fatima Noor,23.0,female,india,2019-08-27,134.0
15,Ahmed Khan,19.0,male,usa,2020-02-11,499.0
16,Li Wei,30.0,female,pakistan,2020-06-21,183.0
17,David Lee,28.0,female,pakistan,2018-12-31,157.0
18,Fatima Noor,40.0,male,china,2018-06-12,67.0
19,Maria Garcia,33.0,female,india,2020-12-07,143.0
20,Ahmed Khan,48.0,female,pakistan,2019-05-26,199.0
21,David Lee,28.0,female,usa,2021-09-14,295.0
22,David Lee,33.0,female,china,2018-04-26,338.0
23,Maria Garcia,25.0,female,china,2020-07-29,463.0
24,Ahmed Khan,21.0,female,pakistan,2018-12-03,258.0
25,Fatima Noor,57.0,female,china,2020-05-30,175.0
26,John Smith,21.0,female,usa,2020-01-07,284.0
27,Ahmed Khan,42.0,female,china,2020-04-19,465.0
28,Maria Garcia,20.0,male,pakistan,2018-05-27,475.0
29,David Lee,49.0,male,china,2021-09-08,171.0
30,Fatima Noor,20.0,male,india,2019-03-19,187.0
31,Ahmed Khan,44.0,male,usa,2020-04-16,164.0
32,John Smith,46.0,female,india,2020-11-02,469.0
33,John Smith,49.0,male,india,2020-07-31,211.0
34,Li Wei,36.0,female,china,2018-10-14,287.07395833333334
35,Li Wei,38.0,male,china,2019-12-21,283.0
36,Anna Smith,22.0,female,usa,2021-02-11,77.0
37,Maria Garcia,35.0,male,usa,2019-04-25,60.0
38,Ahmed Khan,45.0,male,pakistan,2018-01-22,255.0
39,Ahmed Khan,59.0,female,china,2021-10-04,216.0
40,Anna Smith,39.0,female,pakistan,2019-11-14,296.0
41,David Lee,38.0,male,usa,2020-06-24,96.0
42,David Lee,23.0,male,pakistan,2018-11-16,295.0
43,Anna Smith,18.0,male,pakistan,2018-05-06,176.0
44,David Lee,22.0,male,india,2018-10-04,196.0
45,Li Wei,58.0,female,usa,2021-05-12,167.0
46,Ahmed Khan,29.0,female,pakistan,2018-07-13,448.0
47,Anna Smith,43.0,female,usa,2019-11-27,431.0
48,Ahmed Khan,51.0,male,usa,2021-08-02,461.0
49,John Smith,31.0,female,usa,2018-02-26,201.0
50,Li Wei,43.0,male,usa,2021-08-19,121.0
51,Fatima Noor,44.0,female,pakistan,2021-04-01,412.0
52,Li Wei,26.0,male,pakistan,2018-01-19,186.0
53,Anna Smith,43.0,male,usa,2021-10-25,224.0
54,Fatima Noor,39.0,male,usa,2018-09-21,338.0
55,John Smith,47.0,female,usa,2020-03-04,495.0
56,Anna Smith,34.0,female,china,2018-04-23,68.0
57,Maria Garcia,43.0,male,china,2021-09-12,244.0
58,Ahmed Khan,53.0,female,china,2019-06-26,379.0
59,John Smith,18.0,female,china,2019-10-09,473.0
60,Ahmed Khan,25.0,female,usa,2019-08-02,224.0
61,David Lee,52.0,male,india,2020-12-24,498.0
62,Maria Garcia,32.0,female,india,2021-08-08,462.0
63,Maria Garcia,39.0,female,usa,2018-01-25,483.0
64,John Smith,31.0,female,pakistan,2018-01-01,403.0
65,Maria Garcia,43.0,female,india,2020-06-29,190.0
66,Fatima Noor,45.0,male,china,2018-05-21,295.0
67,Maria Garcia,40.0,female,india,2019-10-10,434.0
68,Ahmed Khan,31.0,female,china,2018-07-07,467.0
69,Ahmed Khan,41.0,female,pakistan,2021-02-25,142.0
70,Anna Smith,19.0,female,usa,2018-07-20,481.0
71,Ahmed Khan,43.0,female,usa,2021-02-24,288.0
72,Anna Smith,31.0,male,pakistan,2018-09-14,254.0
73,Ahmed Khan,24.0,female,india,2019-07-01,97.0
74,Fatima Noor,20.0,male,india,2018-07-13,482.0
75,Anna Smith,40.0,female,china,2019-12-04,294.0
76,Li Wei,35.0,male,usa,2021-02-01,369.0
77,David Lee,55.0,male,pakistan,2021-07-12,366.0
78,John Smith,52.0,male,usa,2020-03-12,462.0
79,Ahmed Khan,32.0,male,pakistan,2020-07-30,344.0
80,Maria Garcia,42.0,female,usa,2021-11-08,177.0
81,Ahmed Khan,54.0,male,pakistan,2021-07-07,393.0
82,Maria Garcia,45.0,male,usa,2019-02-18,331.0
83,David Lee,27.0,female,china,2021-10-13,66.0
84,David Lee,56.0,female,usa,2021-01-03,120.0
85,David Lee,34.0,male,pakistan,2021-10-10,318.0
86,Maria Garcia,56.0,female,india,2020-06-28,374.0
87,Ahmed Khan,39.0,female,usa,2018-07-07,331.0
88,David Lee,43.0,female,usa,2021-08-06,354.0
89,Fatima Noor,42.0,male,usa,2018-02-14,500.0
90,Anna Smith,34.0,male,usa,2018-03-24,56.0
92,Maria Garcia,37.0,female,india,2018-12-24,354.0
93,Ahmed Khan,42.0,female,pakistan,2020-12-25,152.0
94,Maria Garcia,21.0,male,usa,2020-07-24,358.0
95,Maria Garcia,27.0,female,pakistan,2019-01-10,242.0
96,David Lee,20.0,male,usa,2018-06-11,290.0
97,Ahmed Khan,58.0,female,usa,2021-11-04,111.0
98,David Lee,35.0,female,usa,2021-10-13,66.0
99,Anna Smith,53.0,male,pakistan,2021-04-26,220.0
100,Anna Smith,39.0,male,pakistan,2018-11-18,74.0
101,David Lee,51.0,female,china,2019-03-26,300.0
102,Anna Smith,25.0,female,usa,2020-11-02,302.0
103,Ahmed Khan,57.0,male,usa,2018-07-03,436.0
105,David Lee,59.0,male,china,2019-05-23,78.0
106,Fatima Noor,58.0,male,china,2021-08-06,166.0
107,Fatima Noor,54.0,female,usa,2018-10-22,465.0
108,Maria Garcia,23.0,female,usa,2020-06-22,331.0
109,Anna Smith,43.0,female,india,2021-05-23,429.0
110,Fatima Noor,51.0,male,pakistan,2020-08-31,193.0
111,Maria Garcia,23.0,male,pakistan,2019-09-24,74.0
112,John Smith,54.0,female,usa,2020-11-16,359.0
113,Ahmed Khan,50.0,female,pakistan,2020-01-03,205.0
114,Ahmed Khan,39.0,female,usa,2021-06-08,122.0
115,Ahmed Khan,38.0,female,usa,2018-11-17,169.0
116,Fatima Noor,23.0,male,usa,2020-07-01,361.0
117,John Smith,23.0,male,china,2021-06-10,370.0
118,Fatima Noor,21.0,female,china,2019-03-13,142.0
119,Anna Smith,47.0,female,usa,2020-02-20,135.0
120,Fatima Noor,28.0,female,usa,2021-11-27,385.0
121,John Smith,47.0,female,usa,2020-12-12,474.0
122,John Smith,48.0,male,china,2021-08-29,413.0
123,Anna Smith,41.0,female,china,2021-07-28,484.0
124,John Smith,26.0,female,china,2019-12-27,167.0
125,John Smith,20.0,male,usa,2018-01-31,282.0
126,Ahmed Khan,48.0,female,usa,2018-12-03,248.0
127,Anna Smith,57.0,male,usa,2018-07-02,255.0
128,Li Wei,54.0,male,pakistan,2020-11-12,462.0
129,Li Wei,53.0,female,pakistan,2019-06-28,388.0
130,John Smith,41.0,female,usa,2021-01-02,196.0
131,Li Wei,48.0,male,china,2020-10-30,499.0
132,Li Wei,23.0,female,india,2019-10-22,474.0
134,Li Wei,37.0,male,usa,2020-11-03,320.0
135,Fatima Noor,45.0,female,usa,2021-04-16,436.0
136,Maria Garcia,28.0,female,usa,2019-02-16,188.0
137,Anna Smith,21.0,female,india,2020-10-08,230.0
138,Maria Garcia,32.0,male,india,2018-02-22,479.0
139,John Smith,23.0,female,usa,2019-02-12,79.0
140,Ahmed Khan,47.0,male,pakistan,2020-04-26,106.0
141,Anna Smith,55.0,male,china,2020-11-11,281.0
142,John Smith,19.0,male,china,2020-11-19,195.0
143,Ahmed Khan,32.0,female,pakistan,2019-12-04,484.0
144,Maria Garcia,28.0,female,india,2018-09-17,433.0
145,John Smith,25.0,male,china,2021-05-13,97.0
146,Anna Smith,43.0,female,india,2020-12-18,243.0
147,Anna Smith,22.0,female,china,2020-02-15,273.0
148,David Lee,23.0,male,pakistan,2020-11-01,185.0
149,Fatima Noor,43.0,male,usa,2021-08-06,71.0
150,Li Wei,21.0,male,usa,2020-04-29,55.0
151,Ahmed Khan,36.0,female,usa,2018-12-20,253.0
152,David Lee,37.0,male,india,2021-01-03,288.0
153,Li Wei,50.0,male,usa,2020-05-22,234.0
154,Li Wei,37.0,male,china,2020-09-17,409.0
155,John Smith,29.0,female,usa,2021-06-18,341.0
156,Li Wei,18.0,male,india,2020-10-14,384.0
157,Fatima Noor,43.0,male,india,2021-03-23,269.0
158,Anna Smith,31.0,male,china,2021-01-24,165.0
159,David Lee,55.0,female,pakistan,2018-10-21,362.0
161,John Smith,28.0,female,usa,2021-09-28,222.0
162,Fatima Noor,53.0,female,china,2021-01-16,131.0
163,Maria Garcia,30.0,female,pakistan,2020-03-28,371.0
164,Anna Smith,20.0,female,china,2019-01-25,382.0
165,Anna Smith,50.0,male,pakistan,2018-11-21,94.0
166,David Lee,23.0,male,china,2020-07-28,384.0
167,Anna Smith,27.0,female,china,2020-06-07,69.0
168,Li Wei,22.0,male,india,2021-03-26,497.0
169,John Smith,40.0,female,india,2019-10-30,270.0
170,Anna Smith,27.0,male,pakistan,2019-09-25,172.0
171,Anna Smith,19.0,female,china,2019-07-31,283.0
172,Maria Garcia,30.0,female,china,2018-05-17,270.0
173,Maria Garcia,57.0,female,pakistan,2019-03-04,372.0
174,Ahmed Khan,19.0,female,pakistan,2019-09-04,388.0
175,Fatima Noor,37.0,male,china,2020-06-29,52.0
176,Li Wei,18.0,male,usa,2020-03-29,231.0
177,Anna Smith,54.0,male,pakistan,2018-05-21,255.0
178,Anna Smith,26.0,male,usa,2021-01-11,369.0
179,John Smith,34.0,male,india,2018-06-26,89.0
180,Ahmed Khan,26.0,female,usa,2018-07-17,108.0
181,Fatima Noor,28.0,male,pakistan,2019-09-16,488.0
182,Ahmed Khan,32.0,male,usa,2019-11-22,111.0
183,David Lee,41.0,male,usa,2021-12-15,181.0
184,Fatima Noor,55.0,male,china,2019-02-05,109.0
185,Anna Smith,52.0,male,usa,2019-04-16,421.0
186,Anna Smith,47.0,female,usa,2018-08-06,380.0
187,Fatima Noor,48.0,male,india,2020-07-17,171.0
188,Anna Smith,22.0,male,china,2019-09-24,156.0
189,Li Wei,31.0,female,usa,2020-08-08,145.0
190,Fatima Noor,28.0,female,india,2020-06-24,396.0
191,Ahmed Khan,26.0,male,pakistan,2018-06-24,463.0
192,Fatima Noor,51.0,male,usa,2018-01-23,284.0
193,Anna Smith,29.0,male,usa,2018-08-23,435.0
194,Li Wei,52.0,female,pakistan,2020-11-02,111.0
195,Li Wei,52.0,female,usa,2021-01-29,305.0
197,Ahmed Khan,57.0,male,china,2019-06-07,442.0
198,Maria Garcia,39.0,male,pakistan,2019-03-07,397.0
199,Maria Garcia,46.0,female,china,2020-03-03,208.0
200,Fatima Noor,25.0,female,usa,2019-06-17,173.0
203,Fatima Noor,54.0,female,usa,2020-03-20,97.0
204,David Lee,31.0,male,usa,2020-07-01,458.0
205,Ahmed Khan,47.0,male,pakistan,2021-01-29,469.0
206,Ahmed Khan,52.0,male,usa,2021-08-20,185.0
207,Ahmed Khan,38.0,male,usa,2020-05-20,250.0
208,Ahmed Khan,54.0,female,india,2019-06-24,299.0
209,Ahmed Khan,22.0,male,pakistan,2020-10-20,363.0
210,David Lee,36.0,female,usa,2021-10-10,406.0
211,David Lee,31.0,female,india,2021-08-19,417.0
212,Li Wei,43.0,male,india,2018-08-15,478.0
213,Maria Garcia,21.0,male,pakistan,2021-06-13,367.0
215,Ahmed Khan,59.0,male,usa,2020-06-10,363.0
216,John Smith,42.0,female,pakistan,2020-11-02,258.0
217,Anna Smith,35.0,female,pakistan,2018-07-29,404.0
218,David Lee,57.0,female,pakistan,2020-01-11,260.0
219,John Smith,25.0,female,india,2019-02-01,241.0
220,John Smith,56.0,female,china,2021-01-28,93.0
221,John Smith,57.0,male,usa,2018-01-31,78.0
222,Li Wei,31.0,female,china,2020-06-16,108.0
223,David Lee,49.0,male,china,2019-10-11,120.0
224,John Smith,55.0,male,india,2018-11-25,141.0
225,Ahmed Khan,50.0,female,china,2021-04-04,314.0
226,Fatima Noor,40.0,male,india,2020-08-09,432.0
227,John Smith,32.0,male,usa,2021-01-28,269.0
228,Li Wei,50.0,female,usa,2019-09-13,439.0
229,Anna Smith,42.0,male,pakistan,2021-04-11,462.0
230,David Lee,34.0,male,pakistan,2018-06-11,491.0
231,Li Wei,50.0,female,china,2020-02-15,450.0
232,John Smith,19.0,female,pakistan,2021-07-10,449.0
233,David Lee,31.0,male,usa,2018-10-01,264.0
234,Fatima Noor,57.0,female,china,2020-10-23,436.0
235,John Smith,57.0,male,india,2020-11-17,326.0
236,Li Wei,56.0,female,usa,2018-11-22,113.0
237,Maria Garcia,23.0,male,pakistan,2020-07-28,395.0
238,Ahmed Khan,23.0,female,usa,2021-03-18,341.0
239,Anna Smith,20.0,male,usa,2019-06-24,294.0
240,Li Wei,24.0,female,usa,2019-05-03,111.0
241,David Lee,25.0,female,usa,2020-04-01,475.0
242,John Smith,59.0,male,india,2020-12-24,381.0
243,Ahmed Khan,32.0,male,china,2018-12-22,219.0
244,John Smith,46.0,male,usa,2021-06-29,494.0
245,David Lee,50.0,male,pakistan,2018-08-23,318.0
246,John Smith,47.0,male,usa,2018-08-15,316.0
247,Maria Garcia,56.0,female,china,2021-08-29,103.0
248,Ahmed Khan,44.0,female,india,2018-02-18,65.0
249,Ahmed Khan,53.0,male,india,2018-04-28,57.0
251,Anna Smith,55.0,male,india,2019-07-19,108.0
252,Maria Garcia,50.0,female,pakistan,2020-12-03,362.0
253,Li Wei,54.0,female,india,2018-02-22,89.0
254,John Smith,44.0,male,usa,2019-07-12,286.0
255,Fatima Noor,50.0,male,pakistan,2021-01-30,492.0
256,John Smith,21.0,female,pakistan,2020-05-17,435.0
257,John Smith,39.0,male,china,2019-02-02,143.0
258,Li Wei,19.0,male,china,2021-03-07,271.0
259,John Smith,27.0,female,china,2019-11-06,253.0
260,Maria Garcia,22.0,male,china,2019-01-22,187.0
261,Maria Garcia,27.0,male,usa,2018-04-21,349.0
262,Ahmed Khan,50.0,female,india,2019-09-06,444.0
263,David Lee,55.0,female,usa,2018-01-17,256.0
264,Anna Smith,30.0,female,pakistan,2021-04-20,385.0
265,Fatima Noor,39.0,female,usa,2020-06-02,130.0
266,John Smith,53.0,male,china,2019-06-25,267.0
267,John Smith,41.0,male,china,2018-06-20,51.0
268,Li Wei,32.0,female,india,2019-02-13,227.0
269,David Lee,46.0,female,usa,2020-01-10,445.0
270,Maria Garcia,25.0,male,china,2021-11-02,420.0
271,Fatima Noor,22.0,female,pakistan,2021-04-26,395.0
272,Ahmed Khan,46.0,female,china,2020-05-07,328.0
273,Maria Garcia,21.0,female,pakistan,2018-08-18,195.0
274,David Lee,29.0,male,pakistan,2018-04-29,367.0
275,Anna Smith,19.0,female,china,2021-03-25,273.0
277,Anna Smith,48.0,male,usa,2019-04-10,433.0
278,Li Wei,53.0,female,pakistan,2018-04-14,111.0
279,Li Wei,53.0,male,pakistan,2019-11-29,343.0
281,Anna Smith,44.0,female,usa,2020-01-15,244.0
282,David Lee,22.0,female,china,2021-12-15,215.0
283,Fatima Noor,37.0,male,usa,2021-03-03,500.0
284,Ahmed Khan,28.0,female,china,2021-11-15,271.0
285,Maria Garcia,27.0,female,india,2019-10-27,110.0
286,David Lee,57.0,male,usa,2018-02-02,178.0
287,David Lee,55.0,female,pakistan,2018-02-24,287.07395833333334
288,Li Wei,23.0,male,usa,2019-06-03,205.0
289,Anna Smith,25.0,male,usa,2020-01-26,454.0
290,John Smith,40.0,female,usa,2018-01-12,427.0
291,John Smith,43.0,female,pakistan,2019-12-21,159.0
292,Ahmed Khan,29.0,female,usa,2019-07-09,318.0
293,Li Wei,43.0,female,pakistan,2019-01-08,460.0
294,David Lee,30.0,male,usa,2019-04-29,405.0
295,Fatima Noor,57.0,male,usa,2020-08-30,287.07395833333334
296,Li Wei,35.0,female,china,2021-06-05,327.0
297,Ahmed Khan,42.0,female,china,2019-09-15,123.0
298,Ahmed Khan,50.0,female,pakistan,2018-11-03,486.0
299,Li Wei,57.0,female,usa,2019-04-02,256.0
300,Ahmed Khan,29.0,female,pakistan,2018-06-09,437.0
301,Li Wei,53.0,female,pakistan,2018-11-27,328.0
302,Maria Garcia,21.0,male,pakistan,2020-02-15,424.0
303,Li Wei,22.0,female,usa,2018-08-13,375.0
304,Anna Smith,54.0,female,pakistan,2020-09-09,389.0
305,Li Wei,25.0,male,china,2019-12-30,406.0
306,Ahmed Khan,59.0,male,usa,2020-12-04,389.0
307,Anna Smith,39.0,female,china,2021-05-22,253.0
308,Ahmed Khan,48.0,female,usa,2020-12-18,210.0
309,John Smith,26.0,male,pakistan,2019-10-06,77.0
310,John Smith,46.0,male,pakistan,2019-09-08,441.0
311,Anna Smith,31.0,male,usa,2018-07-14,306.0
312,Maria Garcia,57.0,female,usa,2019-05-04,214.0
313,John Smith,58.0,female,usa,2018-06-06,112.0
314,Li Wei,39.0,male,china,2019-09-02,71.0
315,Ahmed Khan,28.0,male,pakistan,2021-06-03,119.0
316,John Smith,40.0,female,pakistan,2019-02-16,430.0
317,John Smith,18.0,male,usa,2021-05-13,454.0
318,Maria Garcia,54.0,female,pakistan,2021-01-07,145.0
319,Anna Smith,38.0,male,india,2021-02-21,212.0
320,Anna Smith,39.0,female,usa,2019-04-16,128.0
321,David Lee,53.0,male,china,2021-05-26,54.0
322,Maria Garcia,40.0,male,usa,2019-05-31,365.0
323,Li Wei,18.0,female,pakistan,2021-02-01,169.0
324,Anna Smith,57.0,male,pakistan,2019-01-28,351.0
325,Ahmed Khan,32.0,female,china,2019-09-23,227.0
326,Maria Garcia,38.0,female,usa,2019-08-31,225.0
327,John Smith,26.0,female,india,2020-09-06,439.0
328,Ahmed Khan,26.0,female,pakistan,2019-03-10,266.0
329,Ahmed Khan,27.0,female,pakistan,2021-09-16,105.0
330,John Smith,43.0,male,india,2021-03-12,287.07395833333334
331,Maria Garcia,58.0,female,usa,2019-06-24,236.0
332,John Smith,52.0,female,china,2018-10-05,281.0
333,David Lee,42.0,male,usa,2018-08-21,304.0
334,Ahmed Khan,43.0,male,pakistan,2021-01-18,462.0
335,Fatima Noor,28.0,female,usa,2021-05-07,153.0
336,Fatima Noor,55.0,female,pakistan,2018-12-28,126.0
337,Li Wei,19.0,female,usa,2018-01-26,287.07395833333334
338,Anna Smith,39.0,female,usa,2020-11-14,451.0
339,John Smith,35.0,female,usa,2021-11-18,307.0
340,John Smith,44.0,female,china,2019-05-22,313.0
341,Li Wei,51.0,male,usa,2021-08-17,380.0
342,Li Wei,44.0,male,usa,2021-09-24,287.07395833333334
343,Li Wei,34.0,male,usa,2018-09-24,430.0
344,Ahmed Khan,41.0,male,usa,2019-04-06,305.0
345,David Lee,42.0,male,china,2019-04-01,87.0
346,John Smith,24.0,male,india,2021-10-15,225.0
347,Ahmed Khan,23.0,female,india,2020-12-27,76.0
348,Li Wei,41.0,male,china,2020-10-03,325.0
349,John Smith,39.0,male,usa,2020-05-12,189.0
350,Ahmed Khan,46.0,male,pakistan,2021-12-06,348.0
351,David Lee,39.0,male,pakistan,2019-05-06,494.0
352,Ahmed Khan,43.0,female,usa,2020-12-08,287.07395833333334
353,David Lee,45.0,female,china,2019-07-18,140.0
354,Li Wei,38.0,male,china,2021-01-30,110.0
355,David Lee,24.0,male,usa,2018-08-04,500.0
356,John Smith,34.0,female,usa,2019-07-13,414.0
357,Li Wei,37.0,female,usa,2018-06-08,396.0
358,John Smith,58.0,male,pakistan,2019-05-04,212.0
359,Fatima Noor,37.0,male,pakistan,2019-11-17,400.0
360,Maria Garcia,39.0,male,india,2021-06-19,192.0
361,David Lee,45.0,male,usa,2020-03-04,449.0
363,Maria Garcia,24.0,male,usa,2018-12-27,318.0
364,David Lee,18.0,male,india,2019-04-04,418.0
365,Li Wei,49.0,male,india,2018-09-05,340.0
366,Fatima Noor,30.0,female,pakistan,2020-08-03,236.0
367,John Smith,47.0,male,china,2019-02-26,454.0
368,Ahmed Khan,40.0,male,china,2018-01-15,487.0
369,John Smith,36.0,female,china,2020-01-06,463.0
370,Ahmed Khan,49.0,male,usa,2021-02-19,353.0
371,John Smith,47.0,male,pakistan,2018-10-04,340.0
372,David Lee,46.0,female,pakistan,2019-03-29,135.0
373,Fatima Noor,46.0,male,usa,2021-11-14,215.0
374,Ahmed Khan,47.0,female,india,2021-08-10,464.0
375,Anna Smith,33.0,female,china,2019-08-21,457.0
376,Li Wei,57.0,male,china,2019-03-22,163.0
377,John Smith,36.0,female,india,2018-07-29,482.0
378,John Smith,35.0,male,china,2019-12-15,405.0
379,Ahmed Khan,18.0,male,usa,2018-10-29,465.0
380,Li Wei,31.0,male,pakistan,2021-05-31,232.0
381,Li Wei,19.0,female,usa,2018-01-03,256.0
382,David Lee,45.0,female,usa,2020-09-16,305.0
383,Anna Smith,47.0,female,china,2021-01-21,284.0
384,David Lee,55.0,male,china,2019-06-04,491.0
385,David Lee,21.0,female,china,2021-12-22,404.0
386,David Lee,18.0,male,china,2019-05-08,52.0
387,David Lee,25.0,male,pakistan,2021-06-12,257.0
388,David Lee,46.0,male,usa,2019-09-12,246.0
389,Fatima Noor,56.0,female,usa,2021-03-30,390.0
390,Li Wei,20.0,male,pakistan,2018-11-27,174.0
391,David Lee,49.0,male,pakistan,2018-11-29,287.07395833333334
392,Li Wei,27.0,male,china,2018-02-19,388.0
393,Li Wei,27.0,female,pakistan,2020-05-12,74.0
394,Maria Garcia,36.0,female,china,2018-09-29,117.0
395,Fatima Noor,51.0,male,pakistan,2019-08-03,110.0
396,David Lee,50.0,male,pakistan,2021-06-29,78.0
397,John Smith,40.0,male,usa,2019-07-14,432.0
398,Ahmed Khan,45.0,female,china,2019-11-27,68.0
399,Anna Smith,49.0,female,usa,2021-01-18,220.0
400,John Smith,24.0,male,usa,2019-03-22,499.0
401,Fatima Noor,46.0,female,pakistan,2020-10-13,123.0
402,Ahmed Khan,25.0,male,pakistan,2021-09-17,110.0
403,Fatima Noor,18.0,female,china,2021-03-08,476.0
404,Li Wei,20.0,male,usa,2018-12-23,202.0
405,Ahmed Khan,41.0,female,usa,2018-10-01,325.0
406,Li Wei,40.0,female,usa,2020-11-08,97.0
407,John Smith,25.0,female,china,2018-11-07,260.0
408,John Smith,54.0,female,usa,2020-05-19,392.0
409,Ahmed Khan,20.0,male,usa,2020-06-04,457.0
410,Ahmed Khan,50.0,female,china,2018-06-03,188.0
411,David Lee,45.0,male,usa,2021-11-14,159.0
412,Fatima Noor,25.0,male,usa,2021-07-07,232.0
413,David Lee,51.0,male,usa,2019-09-12,77.0
414,Fatima Noor,52.0,male,india,2020-06-01,246.0
415,David Lee,49.0,female,china,2020-03-07,240.0
416,Li Wei,41.0,male,china,2018-05-05,364.0
417,Ahmed Khan,31.0,female,china,2021-10-09,287.07395833333334
418,John Smith,49.0,female,pakistan,2021-07-20,100.0
419,Fatima Noor,33.0,male,pakistan,2019-09-11,198.0
420,Fatima Noor,21.0,female,india,2018-09-02,317.0
421,John Smith,54.0,male,china,2020-04-27,99.0
422,David Lee,38.0,female,usa,2019-03-26,437.0
423,Fatima Noor,31.0,female,usa,2020-07-18,295.0
424,Anna Smith,48.0,female,china,2021-06-24,162.0
425,Li Wei,35.0,male,china,2019-06-04,219.0
426,Ahmed Khan,24.0,female,china,2021-03-10,215.0
427,John Smith,27.0,female,usa,2018-12-28,458.0
428,Ahmed Khan,24.0,male,pakistan,2018-01-08,63.0
429,Anna Smith,50.0,male,usa,2019-04-23,252.0
430,Fatima Noor,40.0,female,usa,2021-10-07,337.0
431,Fatima Noor,38.0,female,india,2019-05-10,444.0
432,Anna Smith,36.0,female,india,2020-04-12,238.0
433,John Smith,36.0,male,china,2021-12-21,451.0
434,Li Wei,53.0,male,usa,2020-11-28,204.0
435,Maria Garcia,46.0,female,china,2019-08-16,104.0
436,John Smith,35.0,female,china,2018-07-06,231.0
437,Maria Garcia,19.0,male,china,2020-01-24,259.0
438,Anna Smith,18.0,female,india,2018-04-03,425.0
439,David Lee,22.0,male,usa,2018-03-27,124.0
440,Maria Garcia,37.0,female,usa,2020-12-03,326.0
441,Li Wei,28.0,male,china,2018-05-17,477.0
442,David Lee,59.0,male,usa,2019-02-25,182.0
443,Maria Garcia,19.0,male,usa,2018-03-15,392.0
444,Anna Smith,20.0,female,usa,2021-03-25,474.0
445,David Lee,40.0,female,usa,2021-07-02,108.0
446,Anna Smith,29.0,female,usa,2018-06-20,394.0
447,Maria Garcia,37.0,female,pakistan,2018-06-19,231.0
448,Anna Smith,22.0,male,pakistan,2020-05-21,455.0
449,Li Wei,54.0,female,pakistan,2018-11-18,388.0
450,Maria Garcia,55.0,female,china,2019-04-01,370.0
451,Maria Garcia,47.0,female,china,2020-08-01,113.0
452,Maria Garcia,26.0,female,china,2020-02-29,376.0
453,John Smith,51.0,male,usa,2019-09-05,309.0
454,John Smith,52.0,male,usa,2021-03-24,242.0
455,John Smith,39.0,female,pakistan,2020-06-07,192.0
456,Li Wei,41.0,female,china,2018-12-15,153.0
457,David Lee,34.0,male,usa,2021-04-11,455.0
458,Anna Smith,27.0,female,pakistan,2018-01-10,263.0
459,Fatima Noor,47.0,male,usa,2020-01-10,291.0
460,Maria Garcia,40.0,female,china,2021-07-12,480.0
461,Anna Smith,49.0,female,pakistan,2021-06-24,258.0
462,Maria Garcia,34.0,male,china,2019-10-29,142.0
463,Li Wei,34.0,female,india,2019-06-30,479.0
464,Maria Garcia,31.0,female,china,2018-05-09,191.0
465,John Smith,26.0,female,pakistan,2019-08-24,483.0
466,Fatima Noor,57.0,male,pakistan,2019-08-28,453.0
467,Ahmed Khan,39.0,female,pakistan,2018-11-23,483.0
468,Maria Garcia,42.0,female,india,2020-09-06,161.0
469,Anna Smith,56.0,female,usa,2019-02-08,466.0
470,John Smith,26.0,female,china,2019-09-21,424.0
471,Ahmed Khan,39.0,male,usa,2021-10-14,108.0
472,Fatima Noor,21.0,male,india,2019-12-19,92.0
473,Ahmed Khan,43.0,female,usa,2020-11-06,256.0
474,John Smith,46.0,female,india,2018-10-01,317.0
475,David Lee,51.0,female,pakistan,2019-11-16,345.0
476,David Lee,40.0,female,usa,2018-04-26,167.0
477,Ahmed Khan,54.0,female,china,2020-05-10,69.0
478,Li Wei,28.0,male,usa,2019-11-24,271.0
479,Anna Smith,23.0,male,pakistan,2021-01-19,215.0
480,Anna Smith,35.0,female,usa,2021-01-10,180.0
481,Ahmed Khan,38.0,female,usa,2018-11-20,205.0
482,Maria Garcia,59.0,female,usa,2020-08-18,233.0
483,Maria Garcia,53.0,female,china,2018-04-24,139.0
484,Anna Smith,58.0,male,china,2020-12-17,143.0
485,Anna Smith,55.0,female,usa,2018-06-03,62.0
486,David Lee,51.0,female,pakistan,2021-11-28,371.0
487,Li Wei,34.0,female,usa,2021-07-13,342.0
488,John Smith,54.0,male,pakistan,2018-11-11,482.0
489,Maria Garcia,42.0,male,pakistan,2020-11-30,279.0
491,David Lee,29.0,male,usa,2021-05-01,341.0
492,Fatima Noor,40.0,male,usa,2021-11-25,487.0
493,David Lee,59.0,female,pakistan,2021-07-25,75.0
494,Maria Garcia,39.0,male,china,2018-12-20,124.0
495,Maria Garcia,38.0,male,china,2020-10-12,413.0
496,David Lee,44.0,male,usa,2020-01-03,473.0
497,John Smith,48.0,male,india,2019-12-10,348.0
498,Ahmed Khan,23.0,male,china,2021-07-03,199.0
499,Maria Garcia,44.0,male,china,2019-10-13,197.0
500,David Lee,57.0,male,china,2020-04-03,57.0
501,Anna Smith,51.0,female,india,2020-08-04,78.0
502,David Lee,29.0,female,pakistan,2019-10-23,345.0
503,Li Wei,24.0,male,china,2018-04-09,463.0
504,Ahmed Khan,27.0,female,usa,2019-08-11,258.0
505,Fatima Noor,34.0,male,india,2018-10-09,177.0
506,John Smith,43.0,female,china,2019-02-07,389.0
507,Fatima Noor,38.0,male,pakistan,2021-02-06,165.0
508,Ahmed Khan,45.0,female,usa,2019-12-01,488.0
509,Ahmed Khan,19.0,male,usa,2018-07-18,193.0
510,Ahmed Khan,18.0,female,india,2021-08-19,479.0
511,Fatima Noor,53.0,female,china,2018-11-23,367.0
512,Anna Smith,43.0,female,usa,2018-06-03,284.0
513,Ahmed Khan,46.0,female,pakistan,2019-07-06,56.0
514,David Lee,38.0,male,china,2019-02-09,94.0
515,Fatima Noor,28.0,female,pakistan,2019-04-07,492.0
516,Ahmed Khan,57.0,male,pakistan,2018-05-12,288.0
517,David Lee,28.0,male,india,2020-03-01,489.0
518,Anna Smith,53.0,female,pakistan,2020-05-23,481.0
519,Li Wei,56.0,male,pakistan,2018-03-25,204.0
520,Anna Smith,57.0,female,usa,2021-11-23,230.0
521,Ahmed Khan,52.0,male,pakistan,2020-01-24,264.0
522,Fatima Noor,51.0,female,usa,2019-09-20,137.0
523,Maria Garcia,41.0,male,pakistan,2021-02-06,305.0
525,Maria Garcia,22.0,female,usa,2019-07-07,468.0
526,David Lee,50.0,female,pakistan,2021-10-23,228.0
527,Li Wei,53.0,male,usa,2021-03-16,261.0
528,John Smith,39.0,female,pakistan,2018-04-22,342.0
529,Anna Smith,36.0,female,usa,2019-09-07,283.0
530,Li Wei,52.0,male,usa,2020-07-12,288.0
531,Ahmed Khan,34.0,female,usa,2019-04-20,272.0
532,Maria Garcia,51.0,male,india,2020-04-15,168.0
533,Anna Smith,26.0,male,india,2018-09-28,362.0
534,Maria Garcia,43.0,male,usa,2019-02-25,287.07395833333334
535,Fatima Noor,19.0,male,india,2019-12-08,256.0
536,Maria Garcia,26.0,male,pakistan,2021-10-22,144.0
537,Fatima Noor,26.0,male,china,2021-07-27,422.0
538,David Lee,57.0,female,china,2021-07-30,271.0
539,Anna Smith,34.0,female,india,2018-02-09,415.0
541,John Smith,42.0,male,china,2021-04-02,287.07395833333334
542,Ahmed Khan,57.0,male,pakistan,2020-09-20,280.0
543,Fatima Noor,59.0,male,china,2019-06-20,358.0
544,John Smith,42.0,male,china,2020-10-24,168.0
545,Maria Garcia,56.0,female,china,2018-10-17,317.0
546,Maria Garcia,52.0,female,usa,2019-03-09,482.0
547,John Smith,20.0,male,usa,2019-04-16,322.0
548,Anna Smith,54.0,female,usa,2021-04-19,113.0
549,Maria Garcia,47.0,female,pakistan,2021-06-25,347.0
550,David Lee,55.0,male,pakistan,2019-09-20,399.0
551,David Lee,51.0,female,china,2018-10-06,462.0
552,John Smith,29.0,female,india,2020-05-26,452.0
553,Fatima Noor,36.0,female,pakistan,2019-08-04,60.0
554,Fatima Noor,54.0,female,usa,2020-05-12,147.0
555,John Smith,34.0,female,china,2018-09-11,483.0
556,Fatima Noor,27.0,male,pakistan,2018-06-30,120.0
557,Anna Smith,29.0,male,usa,2019-11-12,413.0
559,Fatima Noor,41.0,female,usa,2019-12-01,339.0
560,David Lee,36.0,male,pakistan,2019-07-20,300.0
561,Fatima Noor,25.0,female,china,2021-09-11,325.0
562,Anna Smith,39.0,female,china,2021-10-12,99.0
563,Li Wei,38.0,male,pakistan,2019-11-11,407.0
564,Ahmed Khan,34.0,female,pakistan,2019-01-26,265.0
565,Maria Garcia,40.0,male,pakistan,2021-01-13,443.0
566,Li Wei,54.0,female,china,2021-09-02,465.0
567,Fatima Noor,33.0,male,pakistan,2018-07-31,101.0
568,David Lee,39.0,female,pakistan,2019-01-19,320.0
569,John Smith,25.0,female,usa,2018-12-08,133.0
570,Fatima Noor,42.0,female,china,2020-04-23,436.0
571,David Lee,35.0,female,pakistan,2020-11-27,342.0
572,Ahmed Khan,42.0,female,usa,2019-02-24,175.0
573,Fatima Noor,29.0,female,india,2020-01-21,345.0
574,Anna Smith,32.0,female,usa,2021-04-07,121.0
575,John Smith,43.0,female,usa,2021-09-28,345.0
576,David Lee,58.0,male,china,2018-11-02,285.0
577,David Lee,43.0,female,usa,2019-12-03,105.0
578,David Lee,49.0,female,usa,2020-05-18,456.0
579,Ahmed Khan,27.0,female,india,2019-06-21,409.0
580,Fatima Noor,33.0,female,china,2021-02-09,444.0
581,Ahmed Khan,24.0,male,china,2021-12-05,159.0
582,Maria Garcia,34.0,female,china,2018-07-25,241.0
583,Maria Garcia,40.0,male,china,2021-04-23,441.0
584,Fatima Noor,39.0,female,usa,2021-11-06,142.0
585,Anna Smith,38.0,male,usa,2019-05-11,399.0
586,Ahmed Khan,39.0,male,usa,2021-11-03,105.0
587,John Smith,24.0,female,pakistan,2020-12-06,109.0
588,David Lee,31.0,male,pakistan,2019-05-19,187.0
589,David Lee,32.0,male,china,2020-11-11,88.0
590,Fatima Noor,24.0,male,usa,2018-08-01,77.0
591,Anna Smith,26.0,male,usa,2018-11-06,98.0
592,Maria Garcia,25.0,male,india,2019-10-23,469.0
593,Maria Garcia,40.0,female,usa,2020-01-23,174.0
594,David Lee,46.0,male,pakistan,2018-09-29,62.0
595,Fatima Noor,35.0,male,usa,2020-07-26,85.0
596,Ahmed Khan,48.0,female,usa,2021-05-10,150.0
597,Maria Garcia,47.0,male,usa,2018-02-01,331.0
598,Ahmed Khan,56.0,male,pakistan,2019-03-19,135.0
599,Anna Smith,52.0,male,pakistan,2018-06-11,53.0
600,Maria Garcia,35.0,male,usa,2020-02-06,272.0
601,Maria Garcia,59.0,female,usa,2018-09-11,387.0
602,Li Wei,56.0,male,india,2019-06-05,497.0
603,Maria Garcia,34.0,female,china,2020-09-03,215.0
604,John Smith,31.0,female,usa,2018-01-10,432.0
605,Fatima Noor,48.0,female,india,2019-12-27,393.0
606,Fatima Noor,41.0,male,pakistan,2019-05-20,432.0
607,Ahmed Khan,52.0,female,pakistan,2020-02-24,425.0
608,Anna Smith,51.0,male,india,2019-03-12,327.0
609,Maria Garcia,20.0,female,usa,2021-02-08,179.0
610,John Smith,54.0,female,pakistan,2018-06-02,80.0
611,Ahmed Khan,57.0,male,pakistan,2020-07-05,424.0
612,Li Wei,43.0,female,china,2020-05-18,60.0
613,Ahmed Khan,40.0,female,usa,2021-01-30,351.0
614,Ahmed Khan,56.0,female,china,2020-01-23,145.0
615,Maria Garcia,32.0,female,usa,2021-04-29,239.0
616,Li Wei,21.0,female,china,2019-07-17,241.0
617,Ahmed Khan,46.0,female,india,2021-01-09,315.0
618,John Smith,39.0,female,usa,2019-05-04,473.0
619,John Smith,42.0,female,pakistan,2020-06-13,177.0
620,Fatima Noor,30.0,male,pakistan,2021-01-16,287.0
621,Li Wei,35.0,female,usa,2021-05-02,457.0
622,Li Wei,50.0,female,usa,2018-04-14,404.0
623,Fatima Noor,33.0,female,china,2021-01-24,477.0
624,Ahmed Khan,59.0,female,pakistan,2021-12-17,161.0
625,Li Wei,19.0,male,pakistan,2021-05-06,365.0
626,John Smith,52.0,male,usa,2020-10-21,495.0
627,John Smith,59.0,female,india,2020-10-03,392.0
628,Maria Garcia,51.0,female,china,2019-02-11,194.0
629,Li Wei,47.0,female,usa,2021-11-02,114.0
630,Ahmed Khan,30.0,female,usa,2018-06-16,296.0
631,Fatima Noor,30.0,female,china,2019-05-24,272.0
632,Fatima Noor,35.0,female,china,2018-11-09,362.0
633,Ahmed Khan,49.0,female,usa,2021-12-12,488.0
634,Anna Smith,49.0,female,usa,2020-02-02,287.07395833333334
635,David Lee,52.0,male,india,2019-11-12,230.0
636,Maria Garcia,56.0,female,pakistan,2019-04-22,233.0
637,Fatima Noor,46.0,male,usa,2018-03-14,275.0
638,Li Wei,46.0,female,usa,2021-03-10,314.0
639,Maria Garcia,33.0,female,usa,2019-08-05,327.0
640,Li Wei,27.0,female,india,2018-09-19,446.0
641,Anna Smith,47.0,female,pakistan,2021-09-25,138.0
642,John Smith,42.0,male,usa,2021-08-24,225.0
643,Maria Garcia,56.0,male,usa,2018-09-02,67.0
644,Fatima Noor,37.0,female,china,2021-09-22,420.0
645,Maria Garcia,22.0,male,china,2019-07-15,473.0
646,Maria Garcia,18.0,female,usa,2021-01-04,450.0
647,Maria Garcia,47.0,female,china,2018-06-24,448.0
648,David Lee,20.0,male,pakistan,2018-04-19,155.0
649,Maria Garcia,31.0,male,india,2018-07-02,320.0
650,Li Wei,47.0,female,usa,2018-07-11,368.0
651,John Smith,21.0,female,china,2018-03-06,216.0
652,Anna Smith,35.0,female,usa,2020-08-20,62.0
653,Ahmed Khan,54.0,male,usa,2021-01-28,386.0
654,Maria Garcia,42.0,female,pakistan,2020-05-13,81.0
655,Fatima Noor,18.0,female,china,2021-02-25,442.0
656,Maria Garcia,32.0,female,china,2019-01-04,89.0
657,Fatima Noor,26.0,male,pakistan,2020-04-30,197.0
658,Li Wei,32.0,male,usa,2018-02-12,267.0
659,Fatima Noor,41.0,male,india,2021-12-13,268.0
660,Ahmed Khan,21.0,female,pakistan,2019-05-03,131.0
661,John Smith,29.0,male,usa,2018-03-19,382.0
662,Fatima Noor,54.0,female,pakistan,2020-04-05,257.0
663,Fatima Noor,54.0,female,india,2021-07-17,250.0
664,John Smith,23.0,female,india,2019-11-05,496.0
665,Ahmed Khan,56.0,male,pakistan,2019-12-02,381.0
666,Maria Garcia,41.0,female,pakistan,2020-01-29,477.0
667,Fatima Noor,28.0,female,pakistan,2019-12-29,87.0
668,John Smith,30.0,male,pakistan,2021-08-31,260.0
669,Li Wei,51.0,female,pakistan,2020-07-13,493.0
670,John Smith,42.0,female,india,2020-06-20,376.0
671,Li Wei,24.0,male,usa,2020-06-07,298.0
672,Ahmed Khan,21.0,male,pakistan,2020-09-19,276.0
673,Maria Garcia,25.0,male,usa,2021-04-06,97.0
674,John Smith,37.0,female,china,2018-12-05,67.0
675,Anna Smith,46.0,female,pakistan,2018-07-12,449.0
676,Anna Smith,27.0,female,usa,2018-10-10,488.0
677,David Lee,51.0,female,pakistan,2021-09-21,344.0
678,Fatima Noor,43.0,male,india,2019-01-25,245.0
679,Ahmed Khan,58.0,female,usa,2020-09-26,236.0
680,John Smith,39.0,male,usa,2019-06-09,394.0
681,Anna Smith,23.0,female,china,2021-06-17,287.07395833333334
682,Fatima Noor,22.0,male,china,2019-10-21,367.0
683,Anna Smith,22.0,male,china,2019-12-17,446.0
684,John Smith,40.0,male,pakistan,2020-06-09,414.0
685,Li Wei,26.0,male,china,2021-01-17,386.0
686,John Smith,52.0,male,china,2021-01-23,278.0
687,David Lee,37.0,male,usa,2019-03-28,439.0
688,John Smith,59.0,male,china,2019-03-04,126.0
689,John Smith,52.0,female,pakistan,2021-03-20,237.0
690,David Lee,35.0,female,usa,2021-10-31,395.0
691,Ahmed Khan,34.0,male,usa,2020-11-11,319.0
692,John Smith,41.0,male,usa,2020-06-01,144.0
693,David Lee,20.0,male,pakistan,2018-11-09,359.0
694,Fatima Noor,49.0,male,china,2020-04-19,181.0
695,Li Wei,52.0,female,usa,2019-06-03,287.07395833333334
697,John Smith,30.0,female,pakistan,2019-01-10,330.0
698,Ahmed Khan,42.0,male,usa,2019-03-27,382.0
699,Ahmed Khan,26.0,male,pakistan,2020-10-11,209.0
700,Fatima Noor,21.0,male,usa,2019-08-18,236.0
701,John Smith,31.0,female,china,2021-04-17,240.0
702,Li Wei,54.0,male,pakistan,2021-05-18,471.0
703,Ahmed Khan,39.0,male,india,2019-05-15,287.07395833333334
704,John Smith,28.0,female,pakistan,2019-04-09,269.0
705,Anna Smith,58.0,female,usa,2021-02-21,102.0
706,Ahmed Khan,20.0,male,usa,2018-04-23,271.0
707,David Lee,45.0,female,pakistan,2020-11-01,500.0
708,Anna Smith,46.0,female,usa,2021-02-23,461.0
709,Ahmed Khan,26.0,male,usa,2018-11-27,180.0
710,Li Wei,20.0,female,china,2021-07-30,286.0
711,Maria Garcia,42.0,female,usa,2018-05-20,295.0
712,Anna Smith,51.0,male,china,2021-11-25,275.0
713,Fatima Noor,29.0,male,usa,2020-06-20,257.0
714,Fatima Noor,59.0,male,china,2021-01-25,455.0
715,Li Wei,26.0,female,pakistan,2019-06-01,145.0
716,Ahmed Khan,32.0,male,usa,2019-07-23,471.0
717,John Smith,57.0,male,usa,2020-04-25,249.0
718,Ahmed Khan,42.0,male,usa,2020-12-28,296.0
719,Li Wei,22.0,female,usa,2018-04-28,121.0
720,Fatima Noor,28.0,female,usa,2020-06-06,367.0
721,Ahmed Khan,51.0,female,pakistan,2020-12-18,234.0
722,Fatima Noor,41.0,male,usa,2020-11-22,55.0
723,Anna Smith,32.0,female,china,2021-09-03,255.0
724,John Smith,55.0,female,usa,2018-02-19,81.0
725,Anna Smith,25.0,male,usa,2018-01-19,148.0
726,Fatima Noor,22.0,female,china,2019-12-27,443.0
727,Fatima Noor,43.0,male,usa,2018-07-16,436.0
728,Maria Garcia,35.0,male,usa,2019-07-13,305.0
729,Maria Garcia,23.0,female,china,2019-03-28,236.0
730,Anna Smith,54.0,male,pakistan,2018-10-16,125.0
731,David Lee,30.0,male,usa,2021-03-10,226.0
732,Anna Smith,45.0,male,pakistan,2021-01-12,364.0
733,Maria Garcia,22.0,female,china,2019-01-26,336.0
734,Fatima Noor,30.0,female,usa,2018-08-03,398.0
735,Li Wei,34.0,female,pakistan,2018-08-03,304.0
736,Anna Smith,57.0,female,usa,2021-11-27,374.0
737,Fatima Noor,49.0,male,pakistan,2018-05-08,239.0
738,Li Wei,46.0,female,china,2020-01-30,357.0
739,Li Wei,20.0,female,usa,2019-02-08,394.0
740,Maria Garcia,57.0,male,india,2020-11-18,176.0
741,Anna Smith,51.0,male,china,2018-12-04,474.0
742,Ahmed Khan,57.0,male,india,2020-04-10,287.07395833333334
743,John Smith,44.0,male,usa,2019-12-15,303.0
744,Maria Garcia,30.0,male,usa,2018-12-27,262.0
745,Maria Garcia,50.0,male,usa,2019-07-23,299.0
746,Ahmed Khan,23.0,male,china,2021-11-16,133.0
747,John Smith,41.0,female,pakistan,2018-08-06,432.0
748,Fatima Noor,36.0,female,usa,2018-07-21,455.0
749,David Lee,33.0,female,usa,2018-01-17,437.0
750,Anna Smith,57.0,female,usa,2018-11-18,62.0
751,David Lee,45.0,male,china,2019-06-02,94.0
752,Fatima Noor,50.0,male,pakistan,2021-09-10,176.0
753,Maria Garcia,58.0,male,china,2021-12-06,475.0
754,John Smith,30.0,male,usa,2021-09-03,163.0
755,Maria Garcia,42.0,female,pakistan,2019-11-12,482.0
756,Li Wei,59.0,male,pakistan,2021-01-10,325.0
757,Maria Garcia,53.0,male,china,2019-03-01,254.0
758,Maria Garcia,44.0,female,usa,2021-05-12,386.0
759,Fatima Noor,55.0,female,china,2020-10-15,487.0
760,Fatima Noor,24.0,female,china,2019-01-22,469.0
761,Fatima Noor,22.0,male,usa,2020-02-17,434.0
762,David Lee,48.0,male,china,2018-04-08,448.0
763,Li Wei,40.0,female,india,2021-09-30,322.0
764,Fatima Noor,59.0,female,usa,2018-07-27,457.0
765,John Smith,27.0,female,china,2019-08-09,107.0
766,David Lee,49.0,female,pakistan,2018-06-15,377.0
767,Ahmed Khan,47.0,male,pakistan,2018-01-22,268.0
768,John Smith,56.0,male,china,2018-06-03,158.0
769,Anna Smith,48.0,male,usa,2021-08-11,328.0
770,Anna Smith,35.0,male,usa,2018-08-07,223.0
771,John Smith,53.0,male,pakistan,2019-10-31,377.0
772,Fatima Noor,19.0,male,usa,2018-08-18,313.0
773,Ahmed Khan,31.0,male,pakistan,2018-01-20,364.0
774,Ahmed Khan,30.0,male,china,2019-07-07,160.0
775,David Lee,46.0,female,usa,2020-08-07,236.0
776,Ahmed Khan,29.0,female,pakistan,2018-05-28,318.0
777,Anna Smith,56.0,male,china,2021-02-05,472.0
778,Li Wei,19.0,male,usa,2019-02-07,278.0
779,Fatima Noor,49.0,male,china,2019-08-19,205.0
780,Ahmed Khan,30.0,female,pakistan,2019-01-02,238.0
781,David Lee,44.0,female,pakistan,2021-12-08,321.0
782,Anna Smith,58.0,female,usa,2021-08-25,287.07395833333334
783,Li Wei,34.0,female,india,2020-03-12,51.0
784,Maria Garcia,57.0,female,usa,2020-07-06,295.0
785,Maria Garcia,48.0,female,usa,2021-03-03,259.0
786,Li Wei,51.0,male,pakistan,2021-07-30,450.0
787,Anna Smith,41.0,female,pakistan,2018-03-14,335.0
788,David Lee,52.0,male,china,2019-04-26,408.0
789,Li Wei,23.0,female,usa,2021-10-07,62.0
790,Fatima Noor,36.0,male,china,2019-07-14,145.0
791,Fatima Noor,47.0,male,china,2021-09-11,287.07395833333334
792,Maria Garcia,24.0,female,india,2020-01-15,287.0
793,Ahmed Khan,27.0,male,usa,2018-04-10,143.0
794,David Lee,58.0,female,india,2020-12-18,387.0
795,Maria Garcia,49.0,male,india,2019-05-23,318.0
796,Ahmed Khan,51.0,male,usa,2018-09-15,220.0
797,Ahmed Khan,45.0,female,usa,2019-02-17,143.0
798,Fatima Noor,32.0,female,usa,2020-12-24,198.0
799,Anna Smith,47.0,female,china,2019-08-18,161.0
800,John Smith,54.0,female,pakistan,2021-03-23,104.0
801,Anna Smith,46.0,female,pakistan,2018-09-23,386.0
802,John Smith,39.0,female,usa,2020-03-31,473.0
803,Li Wei,21.0,female,india,2021-01-07,165.0
804,Fatima Noor,37.0,female,china,2021-08-31,192.0
805,Ahmed Khan,49.0,male,usa,2019-10-24,250.0
806,David Lee,53.0,female,india,2020-08-04,229.0
807,John Smith,21.0,female,pakistan,2019-07-14,251.0
808,Anna Smith,44.0,male,pakistan,2020-07-05,413.0
809,Ahmed Khan,34.0,male,china,2020-06-09,102.0
810,John Smith,29.0,female,pakistan,2021-06-25,433.0
811,John Smith,39.0,female,pakistan,2020-05-17,229.0
812,John Smith,34.0,female,india,2019-09-02,463.0
813,David Lee,27.0,female,usa,2019-02-18,466.0
814,Fatima Noor,18.0,male,usa,2018-01-25,362.0
815,David Lee,39.0,male,china,2018-10-11,357.0
816,Maria Garcia,43.0,female,pakistan,2020-05-30,186.0
817,Ahmed Khan,35.0,female,usa,2018-10-28,231.0
818,Fatima Noor,31.0,female,pakistan,2020-12-27,416.0
819,Fatima Noor,46.0,male,usa,2020-10-27,50.0
820,Fatima Noor,29.0,male,pakistan,2020-03-27,93.0
821,Anna Smith,53.0,male,usa,2021-03-06,276.0
822,Fatima Noor,52.0,female,pakistan,2021-04-02,380.0
823,David Lee,29.0,female,usa,2018-03-24,147.0
824,Fatima Noor,24.0,female,usa,2021-12-14,257.0
825,Li Wei,46.0,male,china,2021-01-01,314.0
826,Ahmed Khan,28.0,female,china,2021-06-14,337.0
827,Fatima Noor,50.0,female,usa,2018-02-15,320.0
828,Ahmed Khan,23.0,male,china,2019-09-10,189.0
829,Li Wei,32.0,male,usa,2020-07-16,286.0
830,Li Wei,49.0,female,usa,2018-09-19,490.0
831,Ahmed Khan,28.0,male,usa,2018-06-25,441.0
832,John Smith,40.0,female,china,2021-04-04,121.0
833,Maria Garcia,43.0,female,india,2019-10-19,204.0
834,Anna Smith,51.0,female,pakistan,2020-04-21,239.0
835,John Smith,51.0,male,india,2019-01-05,317.0
836,John Smith,46.0,female,usa,2018-02-23,370.0
837,David Lee,21.0,male,india,2019-11-21,156.0
838,Anna Smith,34.0,male,pakistan,2021-12-13,281.0
839,Anna Smith,52.0,male,india,2021-09-26,91.0
840,John Smith,30.0,female,pakistan,2021-02-24,239.0
841,Fatima Noor,58.0,female,china,2021-12-03,420.0
842,David Lee,56.0,male,usa,2019-01-02,188.0
843,David Lee,32.0,male,china,2021-07-18,152.0
844,Li Wei,46.0,female,pakistan,2019-10-06,220.0
845,Anna Smith,46.0,male,usa,2019-01-14,400.0
846,John Smith,28.0,male,pakistan,2018-03-14,322.0
847,Li Wei,49.0,male,usa,2020-07-03,465.0
848,Ahmed Khan,19.0,male,pakistan,2021-06-25,270.0
849,Maria Garcia,31.0,male,china,2020-05-09,262.0
850,David Lee,37.0,male,india,2018-02-12,390.0
851,Ahmed Khan,39.0,female,india,2019-01-12,473.0
852,Ahmed Khan,28.0,female,usa,2020-11-30,456.0
853,Fatima Noor,44.0,male,usa,2018-06-19,105.0
854,Maria Garcia,20.0,male,usa,2018-07-31,439.0
855,Ahmed Khan,34.0,male,pakistan,2018-02-08,391.0
856,Ahmed Khan,45.0,male,pakistan,2019-01-04,483.0
857,Maria Garcia,46.0,female,usa,2020-01-27,151.0
858,Maria Garcia,39.0,male,usa,2018-05-31,470.0
859,Ahmed Khan,33.0,female,china,2021-02-08,241.0
860,Maria Garcia,54.0,female,china,2021-12-30,359.0
862,Ahmed Khan,23.0,male,india,2020-10-20,282.0
863,Fatima Noor,36.0,male,usa,2020-01-07,482.0
864,John Smith,22.0,male,usa,2021-10-21,276.0
865,Ahmed Khan,20.0,female,usa,2018-03-10,420.0
866,Li Wei,18.0,female,usa,2018-10-26,188.0
867,David Lee,55.0,male,china,2020-08-01,393.0
868,Anna Smith,32.0,female,usa,2020-03-12,354.0
869,John Smith,51.0,female,pakistan,2018-10-23,198.0
870,John Smith,52.0,male,china,2018-07-22,164.0
871,John Smith,42.0,male,pakistan,2018-03-02,499.0
872,Fatima Noor,41.0,female,china,2020-08-03,112.0
873,Ahmed Khan,29.0,male,usa,2020-08-20,153.0
874,Fatima Noor,39.0,female,pakistan,2021-08-30,388.0
875,Ahmed Khan,32.0,male,usa,2021-03-30,408.0
876,Fatima Noor,33.0,male,pakistan,2018-11-27,205.0
877,Fatima Noor,44.0,female,pakistan,2018-12-04,322.0
878,David Lee,25.0,male,usa,2021-08-20,55.0
879,Li Wei,42.0,female,pakistan,2021-09-23,196.0
880,Fatima Noor,34.0,male,pakistan,2019-10-01,233.0
881,David Lee,39.0,female,usa,2018-10-02,77.0
882,Maria Garcia,25.0,female,china,2021-04-02,499.0
883,Li Wei,32.0,female,china,2018-11-15,87.0
884,Fatima Noor,44.0,female,pakistan,2019-08-12,168.0
885,Anna Smith,24.0,male,usa,2019-05-19,342.0
886,John Smith,20.0,female,pakistan,2019-01-22,420.0
887,Maria Garcia,46.0,male,usa,2020-05-19,293.0
888,Maria Garcia,41.0,male,usa,2020-04-12,117.0
889,David Lee,20.0,female,pakistan,2020-10-11,263.0
890,Maria Garcia,37.0,female,pakistan,2019-08-26,267.0
891,Li Wei,32.0,female,usa,2019-11-22,226.0
892,Fatima Noor,42.0,female,china,2019-05-09,348.0
893,Fatima Noor,47.0,female,china,2019-05-05,213.0
894,Anna Smith,31.0,male,pakistan,2019-12-22,107.0
895,John Smith,24.0,female,usa,2021-01-01,318.0
896,David Lee,34.0,female,pakistan,2019-05-24,357.0
897,John Smith,37.0,female,india,2019-01-25,107.0
898,Maria Garcia,53.0,female,india,2018-10-22,337.0
899,Anna Smith,26.0,male,china,2021-10-24,154.0
900,John Smith,55.0,female,pakistan,2020-03-06,277.0
901,Li Wei,39.0,female,pakistan,2020-05-14,296.0
902,Fatima Noor,19.0,male,pakistan,2019-07-03,237.0
903,Maria Garcia,41.0,female,usa,2019-10-11,132.0
904,Anna Smith,25.0,female,usa,2019-07-22,287.07395833333334
905,John Smith,28.0,female,pakistan,2021-04-25,301.0
906,David Lee,30.0,male,usa,2020-05-02,404.0
907,Li Wei,34.0,female,pakistan,2020-02-09,287.0
908,Li Wei,25.0,male,china,2019-03-21,409.0
909,John Smith,38.0,female,pakistan,2018-12-29,233.0
910,Fatima Noor,35.0,female,usa,2018-05-03,333.0
911,John Smith,47.0,female,china,2021-04-26,434.0
912,Maria Garcia,35.0,male,usa,2020-01-12,475.0
913,John Smith,48.0,female,usa,2019-11-11,259.0
914,Li Wei,39.0,male,usa,2019-02-24,353.0
915,Anna Smith,49.0,male,usa,2021-06-29,345.0
916,John Smith,28.0,female,india,2021-09-20,146.0
917,Fatima Noor,42.0,female,pakistan,2018-04-02,496.0
918,Anna Smith,50.0,male,usa,2018-03-04,257.0
919,David Lee,55.0,male,usa,2019-05-27,419.0
920,Ahmed Khan,58.0,female,usa,2021-03-08,437.0
921,John Smith,25.0,male,pakistan,2021-04-23,471.0
922,Fatima Noor,28.0,female,china,2021-05-13,460.0
923,Anna Smith,39.0,female,china,2020-02-11,186.0
924,Fatima Noor,41.0,female,pakistan,2021-05-22,416.0
925,David Lee,58.0,female,pakistan,2018-09-13,449.0
926,Li Wei,34.0,male,pakistan,2018-05-15,233.0
927,Fatima Noor,29.0,female,usa,2020-05-24,125.0
928,Anna Smith,49.0,female,china,2020-04-01,336.0
929,Fatima Noor,32.0,female,pakistan,2018-03-29,424.0
930,Fatima Noor,33.0,male,usa,2020-09-14,191.0
931,Fatima Noor,39.0,female,usa,2021-05-15,286.0
932,Maria Garcia,45.0,female,pakistan,2021-02-26,74.0
933,Maria Garcia,37.0,female,china,2020-04-02,339.0
935,John Smith,27.0,male,pakistan,2020-08-31,299.0
936,Fatima Noor,57.0,male,usa,2020-07-22,457.0
937,David Lee,49.0,female,pakistan,2018-05-01,167.0
938,John Smith,50.0,male,china,2021-11-09,122.0
939,David Lee,19.0,male,usa,2020-11-27,331.0
940,John Smith,50.0,female,usa,2021-09-26,453.0
941,Li Wei,50.0,male,pakistan,2020-10-04,497.0
942,Fatima Noor,58.0,male,usa,2020-07-13,409.0
943,Fatima Noor,30.0,male,pakistan,2019-10-07,59.0
944,Ahmed Khan,47.0,female,usa,2019-12-15,260.0
945,David Lee,50.0,female,usa,2020-05-09,372.0
946,John Smith,30.0,female,pakistan,2018-01-21,201.0
947,John Smith,43.0,male,usa,2018-08-30,54.0
949,Ahmed Khan,56.0,female,china,2020-08-20,491.0
950,Anna Smith,19.0,female,usa,2019-09-13,332.0
951,Anna Smith,55.0,female,india,2018-10-30,162.0
952,Maria Garcia,56.0,male,usa,2020-03-13,320.0
953,Maria Garcia,43.0,female,usa,2020-08-21,212.0
954,Maria Garcia,32.0,female,pakistan,2018-03-10,154.0
955,David Lee,51.0,female,china,2021-02-26,230.0
956,David Lee,59.0,male,pakistan,2018-07-15,93.0
957,Li Wei,57.0,male,india,2018-05-20,331.0
958,Li Wei,28.0,male,pakistan,2018-10-10,224.0
959,Maria Garcia,20.0,female,pakistan,2018-11-08,211.0
960,Ahmed Khan,23.0,male,usa,2020-01-16,400.0
961,John Smith,26.0,female,pakistan,2018-10-04,483.0
962,David Lee,23.0,female,pakistan,2018-03-02,389.0
963,Ahmed Khan,26.0,male,china,2021-09-04,189.0
964,Fatima Noor,56.0,male,usa,2018-02-21,181.0
965,David Lee,48.0,male,china,2018-06-02,136.0
966,David Lee,49.0,female,india,2021-08-27,225.0
967,Li Wei,58.0,male,usa,2019-06-28,232.0
968,John Smith,29.0,male,pakistan,2019-07-21,417.0
969,John Smith,25.0,female,usa,2021-11-13,178.0
970,Anna Smith,25.0,female,usa,2019-09-14,295.0
971,Anna Smith,45.0,female,china,2021-04-15,138.0
972,Anna Smith,37.0,female,pakistan,2021-10-17,115.0
973,Anna Smith,24.0,female,china,2018-11-10,207.0
974,Fatima Noor,28.0,male,pakistan,2020-03-17,436.0
975,Fatima Noor,37.0,male,china,2020-04-27,427.0
976,David Lee,33.0,female,pakistan,2018-04-07,198.0
977,Maria Garcia,21.0,male,china,2020-05-30,389.0
978,Li Wei,23.0,female,usa,2021-05-21,482.0
979,Li Wei,39.0,male,china,2020-04-08,165.0
980,Anna Smith,43.0,male,pakistan,2018-05-17,263.0
981,David Lee,20.0,male,pakistan,2020-10-26,495.0
982,Ahmed Khan,58.0,female,usa,2020-10-07,421.0
983,Maria Garcia,59.0,male,india,2018-04-19,343.0
984,David Lee,31.0,male,pakistan,2019-07-01,302.0
985,Maria Garcia,28.0,female,usa,2020-11-28,192.0
986,Maria Garcia,35.0,female,china,2019-10-24,299.0
987,Maria Garcia,29.0,female,usa,2019-03-01,415.0
988,David Lee,40.0,female,pakistan,2019-09-22,485.0
989,Anna Smith,29.0,male,china,2018-09-18,351.0
990,Li Wei,30.0,female,usa,2021-12-20,74.0
991,Li Wei,42.0,male,usa,2018-03-28,326.0
992,Anna Smith,39.0,female,usa,2019-04-10,426.0
993,Maria Garcia,53.0,female,usa,2018-03-17,427.0
994,Ahmed Khan,25.0,female,india,2019-04-16,438.0
995,John Smith,46.0,male,pakistan,2019-02-18,119.0
996,David Lee,49.0,female,pakistan,2020-04-04,162.0
997,John Smith,35.0,female,pakistan,2020-06-13,412.0
998,Anna Smith,23.0,male,india,2019-12-27,287.07395833333334
999,Ahmed Khan,39.0,male,china,2019-04-02,413.0
1000,David Lee,36.0,male,china,2021-08-01,352.0
